{
  "file": "BoN_TriviaQA_Phi-3-mini-4k-instruct_mnt100_ns5_temp1.0_topp1.0_topk0_seed42verified.json",
  "meta": {
    "config_hash": "da02200e0e145ab5",
    "input_mtime": 1771837319.455831,
    "input_size": 144555
  },
  "metrics": {
    "distinct2": 0.7597546714057021,
    "self_bleu": 0.46074120532376317
  }
}