{
  "file": "Ours_TriviaQA_Qwen2.5-7B-Instruct_mnt100_topk100_ck5_ns1_sc0_sw0_layer28_eb4_seed42verified.json",
  "meta": {
    "config_hash": "da02200e0e145ab5",
    "input_mtime": 1771749357.517819,
    "input_size": 125296
  },
  "metrics": {
    "distinct2": 0.30120452446123874,
    "self_bleu": 0.7590147219716243
  }
}