{
  "file": "Ours_TriviaQA_gemma-7b-it_mnt100_topk100_ck5_ns4_sc0_sw1_layer28_eb4_seed42verified.json",
  "meta": {
    "config_hash": "da02200e0e145ab5",
    "input_mtime": 1771752987.7170966,
    "input_size": 146254
  },
  "metrics": {
    "distinct2": 0.6700844849882663,
    "self_bleu": 0.6740879532745104
  }
}