{
  "file": "Ours_TriviaQA_gemma-7b-it_mnt100_topk100_ck5_ns4_sc1_sw0_layer28_eb4_seed42verified.json",
  "meta": {
    "config_hash": "da02200e0e145ab5",
    "input_mtime": 1771753120.491397,
    "input_size": 146579
  },
  "metrics": {
    "distinct2": 0.6550899360342035,
    "self_bleu": 0.6866892157270528
  }
}